cluster_profile,total_students,avg_age,avg_issue_count,depression_rate,anxiety_rate,panic_attack_rate,treatment_rate,silent_struggle_rate,high_risk_rate
0,33,18.848484848484848,1.0303030303030303,45.45454545454545,33.33333333333333,24.242424242424242,0.0,63.63636363636363,30.303030303030305
1,30,18.5,1.0666666666666667,26.666666666666668,43.333333333333336,36.666666666666664,10.0,56.666666666666664,20.0
2,38,23.55263157894737,0.9473684210526315,31.57894736842105,26.31578947368421,36.84210526315789,7.894736842105263,52.63157894736842,15.789473684210526
