feature,importance_mean,importance_std
course,0.10178514293851851,0.041602742984779964
marital_status,0.00799499119158561,0.040924754146935804
cgpa,0.0,0.0
gender,0.0,0.0
age,-0.020086255216470894,0.050508192208813314
year_of_study,-0.07484279692652564,0.09126386231650356
