experiment,model,accuracy_mean,balanced_accuracy_mean,f1_macro_mean,f1_weighted_mean
Leakage Demo - Invalid,RF Leakage,0.96,0.9580952380952381,0.9579405779405779,0.9594884004884005
Leakage Demo - Invalid,LogReg Leakage,0.9304761904761906,0.9242857142857144,0.9254131054131054,0.9289206349206349
