base_feature,mean_importance,max_importance,appeared_in_models
course,0.4701422980010811,0.7290886944878683,9
marital_status,0.2657670611192297,0.531308676998572,9
year_of_study,0.1557364689808642,0.3085339940067465,9
cgpa,0.06407627761026288,0.11376484754960108,9
age,0.03235050328236893,0.08622247128990197,9
gender,0.011927391006193114,0.04390139138713536,9
