base_feature,mean_importance
depression,0.22071618984405264
anxiety,0.20733172996661
panic_attack,0.20347420041448816
course,0.18812762976108127
year_of_study,0.05939769158446548
cgpa,0.042189519664964474
marital_status,0.039301960812922296
age,0.02080715013057389
gender,0.018653927820841805
