feature,importance_mean,importance_std
course_clean,0.08318214594001697,0.05548430940190343
cgpa,0.022461182828499147,0.024990211487284007
age,0.019622228928825595,0.03285637039780844
marital_status,-0.0013305956992178496,0.03872417362609014
gender,-0.03723610617638607,0.0384877384148385
year_study,-0.11483715448052638,0.09612383778908769
