base_feature,mean_importance
depression,0.18979005813780936
anxiety,0.17556706639351288
panic_attack,0.14241327377663388
marital_status,0.04544596645159624
age,0.027514376142589975
year_study,0.021504222463616572
gender,0.009891931210937866
cgpa,0.009887762019710433
course_clean,0.005907668385712628
