base_feature,mean_importance,max_importance,appeared_in_models
marital_status,0.13516968017124267,0.4981180528226634,9
year_study,0.035069674579549695,0.1384908790358896,9
age,0.03312774696074764,0.09173527317128578,9
cgpa,0.014601920787367788,0.05135304375327784,9
course_clean,0.012655384549714495,0.17991691755229777,9
gender,0.00749768105114654,0.024962207593423626,9
